<?xml version="1.0" encoding="UTF-8"?>
<settings xmlns="http://maven.apache.org/SETTINGS/1.0.0"
          xmlns:xsi="http://www.w3.org/2001/XMLSchema-instance"
          xsi:schemaLocation="http://maven.apache.org/SETTINGS/1.0.0 http://maven.apache.org/xsd/settings-1.0.0.xsd">
    <servers>
        <server>
            <id>releases</id>
            <username>admin</username>
            <password>kotei@2022</password>
        </server>
        <server>
            <id>snapshots</id>
            <username>admin</username>
            <password>kotei@2022</password>
        </server>
    </servers>

    <mirrors>
        <mirror>
            <id>nexus</id>
            <mirrorOf>*</mirrorOf>
            <url>http://192.168.52.165:8081/repository/maven-public/</url>
        </mirror>
    </mirrors>

    <profiles>
        <profile>
            <id>dev</id>
            <repositories>
                <repository>
                    <id>Nexus</id>
                    <url>http://192.168.52.165:8081/repository/maven-public/</url>
                    <releases>
                        <enabled>true</enabled>
                    </releases>
                    <snapshots>
                        <enabled>true</enabled>
                        <updatePolicy>always</updatePolicy>
                    </snapshots>
                </repository>
            </repositories>
            <activation>
                <activeByDefault>true</activeByDefault>
                <jdk>1.8</jdk>
            </activation>
            <properties>
                <maven.compiler.source>1.8</maven.compiler.source>
                <maven.compiler.target>1.8</maven.compiler.target>
                <maven.compiler.compilerVersion>1.8</maven.compiler.compilerVersion>
            </properties>
        </profile>
    </profiles>
    <activeProfiles>
        <activeProfile>dev</activeProfile>
    </activeProfiles>
</settings>